[{"error":"Error: forbidden"},{"error":"TypeError [ERR_UNESCAPED_CHARACTERS]: Request path contains unescaped characters"},{"error":"TypeError [ERR_UNESCAPED_CHARACTERS]: Request path contains unescaped characters"},{"error":"TypeError [ERR_UNESCAPED_CHARACTERS]: Request path contains unescaped characters"},{"error":"TypeError [ERR_UNESCAPED_CHARACTERS]: Request path contains unescaped characters"},{"error":"TypeError [ERR_UNESCAPED_CHARACTERS]: Request path contains unescaped characters"},{"error":"FetchError: request to https://saipulanuar.ga/api/download/ytmp4?url=gak%20mood&apikey=jPHjZpQF failed, reason: read ETIMEDOUT"},{"error":"FetchError: request to https://saipulanuar.ga/api/download/ytmp4?url=ck&apikey=jPHjZpQF failed, reason: read ETIMEDOUT"},{"error":"FetchError: request to https://saipulanuar.ga/api/download/ytmp4?url=disini,%20%20ada%20berapa%20yang%20ceweknya&apikey=jPHjZpQF failed, reason: read ETIMEDOUT"},{"error":"FetchError: request to https://saipulanuar.ga/api/download/ytmp4?url=yaa%20cuma%20mau%20tau%20ajaa&apikey=jPHjZpQF failed, reason: read ETIMEDOUT"},{"error":"FetchError: request to https://saipulanuar.ga/api/download/ytmp4?url=aku%20liat.%20%20gak%20ada%20cewek%20yg%20nimbrung&apikey=jPHjZpQF failed, reason: read ETIMEDOUT"},{"error":"FetchError: request to https://saipulanuar.ga/api/download/ytmp4?url=masa%20cuma%20aku.%20%20sendiri&apikey=jPHjZpQF failed, reason: read ETIMEDOUT"},{"error":"FetchError: request to https://saipulanuar.ga/api/download/ytmp4?url=di%20keroyok%20oleh%20kalian&apikey=jPHjZpQF failed, reason: read ETIMEDOUT"},{"error":"FetchError: request to https://saipulanuar.ga/api/download/ytmp4?url=bahayaa&apikey=jPHjZpQF failed, reason: read ETIMEDOUT"},{"error":"TypeError [ERR_UNESCAPED_CHARACTERS]: Request path contains unescaped characters"},{"error":"FetchError: request to https://saipulanuar.ga/api/download/ytmp4?url=ftfffffffyjhgg&apikey=jPHjZpQF failed, reason: read ETIMEDOUT"},{"error":"FetchError: request to https://saipulanuar.ga/api/download/ytmp4?url=begitu%20syulit&apikey=jPHjZpQF failed, reason: read ETIMEDOUT"},{"error":"FetchError: request to https://saipulanuar.ga/api/download/ytmp4?url=ya&apikey=jPHjZpQF failed, reason: read ETIMEDOUT"},{"error":"TypeError [ERR_UNESCAPED_CHARACTERS]: Request path contains unescaped characters"},{"error":"FetchError: request to https://saipulanuar.ga/api/download/ytmp4?url=cieee.%20%20yg%20gamon&apikey=jPHjZpQF failed, reason: read ETIMEDOUT"},{"error":"FetchError: request to https://saipulanuar.ga/api/download/ytmp4?url=si%20paling%20gamon&apikey=jPHjZpQF failed, reason: read ETIMEDOUT"},{"error":"FetchError: request to https://saipulanuar.ga/api/download/ytmp4?url=oh..%20%20msih%20pcran&apikey=jPHjZpQF failed, reason: read ETIMEDOUT"},{"error":"TypeError [ERR_UNESCAPED_CHARACTERS]: Request path contains unescaped characters"},{"error":"FetchError: request to https://saipulanuar.ga/api/download/ytmp4?url=nanti%20bkal%20jd%20mantan&apikey=jPHjZpQF failed, reason: read ETIMEDOUT"},{"error":"FetchError: request to https://saipulanuar.ga/api/download/ytmp4?url=yeee%20kirain%20udah%20punya%20pacar&apikey=jPHjZpQF failed, reason: read ETIMEDOUT"},{"error":"FetchError: request to https://saipulanuar.ga/api/download/ytmp4?url=ke%20toilet&apikey=jPHjZpQF failed, reason: read ETIMEDOUT"},{"error":"FetchError: request to https://saipulanuar.ga/api/download/ytmp4?url=awkwk&apikey=jPHjZpQF failed, reason: read ETIMEDOUT"},{"error":"TypeError [ERR_UNESCAPED_CHARACTERS]: Request path contains unescaped characters"},{"error":"FetchError: request to https://saipulanuar.ga/api/download/ytmp4?url=tata&apikey=jPHjZpQF failed, reason: read ETIMEDOUT"},{"error":"FetchError: request to https://saipulanuar.ga/api/download/ytmp4?url=dahhh%20%0Abukan%20tata&apikey=jPHjZpQF failed, reason: read ETIMEDOUT"},{"error":"TypeError [ERR_UNESCAPED_CHARACTERS]: Request path contains unescaped characters"},{"error":"TypeError [ERR_UNESCAPED_CHARACTERS]: Request path contains unescaped characters"},{"error":"TypeError [ERR_UNESCAPED_CHARACTERS]: Request path contains unescaped characters"},{"error":"FetchError: request to https://saipulanuar.ga/api/download/ytmp4?url=hahahaha&apikey=jPHjZpQF failed, reason: read ETIMEDOUT"},{"error":"FetchError: request to https://saipulanuar.ga/api/download/ytmp4?url=pupp%20ye&apikey=jPHjZpQF failed, reason: read ETIMEDOUT"},{"error":"FetchError: request to https://saipulanuar.ga/api/download/ytmp4?url=ngakak%20sih&apikey=jPHjZpQF failed, reason: read ETIMEDOUT"},{"error":"FetchError: request to https://saipulanuar.ga/api/download/ytmp4?url=hagahahga&apikey=jPHjZpQF failed, reason: read ETIMEDOUT"},{"error":"FetchError: request to https://saipulanuar.ga/api/download/ytmp4?url=maksud&apikey=jPHjZpQF failed, reason: read ETIMEDOUT"},{"error":"FetchError: request to https://saipulanuar.ga/api/download/ytmp4?url=hee%20bang.%20%20bot%20mu%20itu&apikey=jPHjZpQF failed, reason: read ETIMEDOUT"},{"error":"FetchError: request to https://saipulanuar.ga/api/download/ytmp4?url=ngeselin&apikey=jPHjZpQF failed, reason: read ETIMEDOUT"},{"error":"TypeError [ERR_UNESCAPED_CHARACTERS]: Request path contains unescaped characters"},{"error":"FetchError: request to https://saipulanuar.ga/api/download/ytmp4?url=ngeselin%20bet&apikey=jPHjZpQF failed, reason: read ETIMEDOUT"},{"error":"FetchError: request to https://saipulanuar.ga/api/download/ytmp4?url=gk&apikey=jPHjZpQF failed, reason: read ETIMEDOUT"},{"error":"TypeError [ERR_UNESCAPED_CHARACTERS]: Request path contains unescaped characters"},{"error":"FetchError: request to https://saipulanuar.ga/api/download/ytmp4?url=itu.%20%20vn%20nya.%20%20otomatis&apikey=jPHjZpQF failed, reason: read ETIMEDOUT"},{"error":"FetchError: request to https://saipulanuar.ga/api/download/ytmp4?url=yg%20ini.%20kan&apikey=jPHjZpQF failed, reason: read ETIMEDOUT"},{"error":"FetchError: request to https://saipulanuar.ga/api/download/ytmp4?url=dih&apikey=jPHjZpQF failed, reason: read ETIMEDOUT"},{"error":"FetchError: request to https://saipulanuar.ga/api/download/ytmp4?url=hibur%20dong&apikey=jPHjZpQF failed, reason: read ETIMEDOUT"},{"error":"FetchError: request to https://saipulanuar.ga/api/download/ytmp4?url=bikin%20ketawa%20lagi&apikey=jPHjZpQF failed, reason: read ETIMEDOUT"},{"error":"TypeError [ERR_UNESCAPED_CHARACTERS]: Request path contains unescaped characters"},{"error":"TypeError [ERR_UNESCAPED_CHARACTERS]: Request path contains unescaped characters"},{"error":"FetchError: request to https://saipulanuar.ga/api/download/ytmp4?url=kalian%20kan%20cowok%20humoris&apikey=jPHjZpQF failed, reason: read ETIMEDOUT"},{"error":"FetchError: request to https://raw.githubusercontent.com/Arya-was/endak-tau/main/loli.json failed, reason: read ETIMEDOUT"},{"error":"Error: forbidden"},{"error":"FetchError: request to https://saipulanuar.ga/api/download/ytmp4?url=hm&apikey=jPHjZpQF failed, reason: read ETIMEDOUT"},{"error":"FetchError: request to https://saipulanuar.ga/api/download/ytmp4?url=m&apikey=jPHjZpQF failed, reason: read ETIMEDOUT"},{"error":"TypeError [ERR_UNESCAPED_CHARACTERS]: Request path contains unescaped characters"},{"error":"TypeError [ERR_UNESCAPED_CHARACTERS]: Request path contains unescaped characters"},{"error":"TypeError [ERR_UNESCAPED_CHARACTERS]: Request path contains unescaped characters"},{"error":"FetchError: request to https://saipulanuar.ga/api/download/ytmp4?url=elah&apikey=jPHjZpQF failed, reason: getaddrinfo ENOTFOUND saipulanuar.ga"},{"error":"TypeError [ERR_UNESCAPED_CHARACTERS]: Request path contains unescaped characters"},{"error":"FetchError: request to https://saipulanuar.ga/api/download/ytmp4?url=oke&apikey=jPHjZpQF failed, reason: getaddrinfo ENOTFOUND saipulanuar.ga"},{"error":"TypeError [ERR_UNESCAPED_CHARACTERS]: Request path contains unescaped characters"},{"error":"TypeError [ERR_UNESCAPED_CHARACTERS]: Request path contains unescaped characters"},{"error":"TypeError [ERR_UNESCAPED_CHARACTERS]: Request path contains unescaped characters"},{"error":"TypeError [ERR_UNESCAPED_CHARACTERS]: Request path contains unescaped characters"},{"error":"TypeError [ERR_UNESCAPED_CHARACTERS]: Request path contains unescaped characters"},{"error":"FetchError: request to https://saipulanuar.ga/api/download/ytmp4?url=kedewasaan%20itu%20bukan%20dilihat%20dari%20usianya.%20%20tetapi%20dilihat%20dari%20sikapnya%20%20%0Adewasa%20itu%20memang%20butuh%20waktu%20proses%20yg%20lama.%20%20cara%20memilih%20yg%20mana%20yg%20baik%20dan%20buruknya.&apikey=jPHjZpQF failed, reason: getaddrinfo ENOTFOUND saipulanuar.ga"},{"error":"TypeError [ERR_UNESCAPED_CHARACTERS]: Request path contains unescaped characters"},{"error":"TypeError [ERR_UNESCAPED_CHARACTERS]: Request path contains unescaped characters"},{"error":"TypeError [ERR_UNESCAPED_CHARACTERS]: Request path contains unescaped characters"},{"error":"FetchError: request to https://saipulanuar.ga/api/download/ytmp4?url=panggil%20nama%20aja&apikey=jPHjZpQF failed, reason: read ETIMEDOUT"},{"error":"FetchError: request to https://saipulanuar.ga/api/download/ytmp4?url=ABANGGGG&apikey=jPHjZpQF failed, reason: read ETIMEDOUT"},{"error":"FetchError: request to https://saipulanuar.ga/api/download/ytmp4?url=ihh&apikey=jPHjZpQF failed, reason: read ETIMEDOUT"},{"error":"FetchError: request to https://saipulanuar.ga/api/download/ytmp4?url=kalian%20abang%20gue.&apikey=jPHjZpQF failed, reason: read ETIMEDOUT"},{"error":"FetchError: request to https://saipulanuar.ga/api/download/ytmp4?url=mana&apikey=jPHjZpQF failed, reason: read ETIMEDOUT"},{"error":"FetchError: request to https://saipulanuar.ga/api/download/ytmp4?url=ho%20oh%20bang&apikey=jPHjZpQF failed, reason: read ETIMEDOUT"},{"error":"FetchError: request to https://saipulanuar.ga/api/download/ytmp4?url=yaa%20gk%20ush%20liat%20umur%20lah&apikey=jPHjZpQF failed, reason: read ETIMEDOUT"},{"error":"FetchError: request to https://saipulanuar.ga/api/download/ytmp4?url=cowok..%20%20kalau%20udah%20di%20sunat.%20%20suaranya%20bakal%20berubah.%20%20lebih%20berat&apikey=jPHjZpQF failed, reason: read ETIMEDOUT"},{"error":"FetchError: request to https://saipulanuar.ga/api/download/ytmp4?url=emang%20kalau%20mimpi%20basah%20itu%20gimana%20ya?&apikey=jPHjZpQF failed, reason: read ETIMEDOUT"},{"error":"FetchError: request to https://saipulanuar.ga/api/download/ytmp4?url=ooo%20gitu&apikey=jPHjZpQF failed, reason: read ETIMEDOUT"},{"error":"FetchError: request to https://saipulanuar.ga/api/download/ytmp4?url=bnyk%20tante%20mu%20di%20grup%20lain&apikey=jPHjZpQF failed, reason: read ETIMEDOUT"},{"error":"FetchError: request to https://saipulanuar.ga/api/download/ytmp4?url=hahaha&apikey=jPHjZpQF failed, reason: read ETIMEDOUT"},{"error":"FetchError: request to https://saipulanuar.ga/api/download/ytmp4?url=tante%20mu%20pada%20gemoy%20kali&apikey=jPHjZpQF failed, reason: read ETIMEDOUT"},{"error":"FetchError: request to https://saipulanuar.ga/api/download/ytmp4?url=juga%20ngab&apikey=jPHjZpQF failed, reason: read ETIMEDOUT"},{"error":"FetchError: request to https://saipulanuar.ga/api/download/ytmp4?url=iya%20deh.%20%20iya&apikey=jPHjZpQF failed, reason: read ETIMEDOUT"},{"error":"FetchError: request to https://saipulanuar.ga/api/download/ytmp4?url=jangan%20selingkuhin&apikey=jPHjZpQF failed, reason: read ETIMEDOUT"},{"error":"FetchError: request to https://saipulanuar.ga/api/download/ytmp4?url=wah.%20%20wah.&apikey=jPHjZpQF failed, reason: read ETIMEDOUT"},{"error":"FetchError: request to https://saipulanuar.ga/api/download/ytmp4?url=kalian%20sudah%20dewasa&apikey=jPHjZpQF failed, reason: read ETIMEDOUT"},{"error":"FetchError: request to https://saipulanuar.ga/api/download/ytmp4?url=apa&apikey=jPHjZpQF failed, reason: read ETIMEDOUT"},{"error":"FetchError: request to https://saipulanuar.ga/api/download/ytmp4?url=iya%20tau..&apikey=jPHjZpQF failed, reason: read ETIMEDOUT"},{"error":"FetchError: request to https://saipulanuar.ga/api/download/ytmp4?url=selamat&apikey=jPHjZpQF failed, reason: read ETIMEDOUT"},{"error":"FetchError: request to https://saipulanuar.ga/api/download/ytmp4?url=kalian%20itu%20dewasa%20dari%20sikap&apikey=jPHjZpQF failed, reason: read ETIMEDOUT"},{"error":"FetchError: request to https://saipulanuar.ga/api/download/ytmp4?url=kgak%20gitu%20jugaaa%20konsepnya&apikey=jPHjZpQF failed, reason: read ETIMEDOUT"},{"error":"FetchError: request to https://saipulanuar.ga/api/download/ytmp4?url=pap%20wajah&apikey=jPHjZpQF failed, reason: read ETIMEDOUT"},{"error":"FetchError: request to https://saipulanuar.ga/api/download/ytmp4?url=hahahahahahaaaa&apikey=jPHjZpQF failed, reason: read ETIMEDOUT"},{"error":"FetchError: request to https://saipulanuar.ga/api/download/ytmp4?url=ngabrut%20sih&apikey=jPHjZpQF failed, reason: read ETIMEDOUT"},{"error":"FetchError: request to https://saipulanuar.ga/api/download/ytmp4?url=dah%20lah.%20%20ngantuk&apikey=jPHjZpQF failed, reason: read ETIMEDOUT"},{"error":"FetchError: request to https://saipulanuar.ga/api/download/ytmp4?url=yaiyalah.%20%20kadang%20cowok&apikey=jPHjZpQF failed, reason: read ETIMEDOUT"},{"error":"Error: rate-overlimit"},{"error":"Error: rate-overlimit"},{"error":"Error: rate-overlimit"}]