[{"id":"6282279915237@s.whatsapp.net","name":"#GRKOWTK","seri":"d3gXjSpE68","premium":false},{"id":"15028786322@s.whatsapp.net","name":"#GRAgvJB","seri":"xRa7SYfgkJ","premium":false},{"id":"6281915061498@s.whatsapp.net","name":"#GR0GYtG","seri":"xhtDRuvTyn","premium":false},{"id":"6283834558105@s.whatsapp.net","name":"#GR00lZ9","seri":"QMckQ1wwLF","premium":false},{"id":"6283891031393@s.whatsapp.net","name":"#GRr8GTV","seri":"eDa0gyZhwy","premium":false},{"id":"6285299720048@s.whatsapp.net","name":"#GRkNDNX","seri":"4Oq2eOPPIs","premium":false},{"id":"6283116804585@s.whatsapp.net","name":"#GRMN0dW","seri":"CGyqz3Ao00","premium":false},{"id":"6287719313884@s.whatsapp.net","name":"#GRySzX9","seri":"Q5fkVd9evf","premium":false},{"id":"6287859432426@s.whatsapp.net","name":"#GRrYFH1","seri":"SugzLV8ccP","premium":true},{"id":"6288804947282@s.whatsapp.net","name":"#GRUEcFU","seri":"QWzwNlFE34","premium":false},{"id":"628819803862@s.whatsapp.net","name":"#GR9wB5c","seri":"8MkTrUQ7UV","premium":false},{"id":"6281393724928@s.whatsapp.net","name":"#GRJfjsx","seri":"saGgSNaxd6","premium":false},{"id":"62852507774454@s.whatsapp.net","name":"#GRfkjZj","seri":"5ccsESpe9m","premium":false},{"id":"6283805643658@s.whatsapp.net","name":"#GR2eEi3","seri":"xtEwjOjsHP","premium":false},{"id":"6281936290034@s.whatsapp.net","name":"#GRQoXS9","seri":"J0657gFk03","premium":false},{"id":"6289514547191@s.whatsapp.net","name":"#GRzT2KA","seri":"NKsMa1FOQV","premium":false},{"id":"6283869988683@s.whatsapp.net","name":"#GRg9O2D","seri":"CmcRuPvVZU","premium":false},{"id":"6281252848955@s.whatsapp.net","name":"#GRvbooh","seri":"88my9RJhsX","premium":false},{"id":"6282188923035@s.whatsapp.net","name":"#GRtgV9Z","seri":"tPUvjwTRcB","premium":false},{"id":"62882008724707@s.whatsapp.net","name":"#GRFs6u2","seri":"YNsfUaVd5u","premium":false},{"id":"6285710423252@s.whatsapp.net","name":"#GRve82F","seri":"3JQnpkPclE","premium":false},{"id":"447710173736@s.whatsapp.net","name":"#GR6fSlF","seri":"ILSRBt9LxT","premium":false},{"id":"628981904040@s.whatsapp.net","name":"#GR5P7Ev","seri":"1Vs8iYgD1L","premium":false}]